id;access_token;token_type;user_scope;expires;refresh_token
1;proactive Metal lime;bandwidth;partnerships Hat;2024-02-27T07:36:52;Health
2;time-frame mindshare;program Graphical;implement Real;2024-02-27T02:18:02;card Communications
3;Cotton front-end plug-and-play;Walk withdrawal drive;Vermont payment;2024-02-27T22:56:52;Iowa
4;Ukraine;content;synthesizing Producer;2024-02-27T18:48:22;Soap Facilitator Borders
5;productize SSL;Salad;Shirt Human Mayotte;2024-02-27T19:58:08;reboot
6;Berkshire;Vista mesh cross-platform;Agent facilitate protocol;2024-02-27T04:00:48;Steel Trail indigo
7;Island;plum state Granite;Club;2024-02-27T02:18:46;Mouse
8;Rest;Auto;Freeway green;2024-02-27T20:55:33;Maryland Jewelery
9;end-to-end;Chair;Fresh;2024-02-27T17:14:43;Rubber
10;web-enabled;back;Finland Colon Massachusetts;2024-02-27T19:45:29;attitude-oriented Garden Guernsey
